{
  "timestamp": 1754945666.6964557,
  "results": {
    "Direct Process": {
      "latencies": [
        0.020899999071843922,
        0.008000002708286047,
        0.004500001523410901,
        0.0033999967854470015,
        0.0035000011848751456,
        0.0029000002541579306,
        0.0028000031306874007,
        0.0027999994927085936,
        0.0027999994927085936,
        0.0026999987312592566,
        0.0026999987312592566,
        0.0029000002541579306,
        0.0027000023692380637,
        0.0027000023692380637,
        0.0027000023692380637,
        0.0027000023692380637,
        0.0027000023692380637,
        0.0027000023692380637,
        0.0027000023692380637,
        0.0026000016077887267,
        0.0027000023692380637,
        0.0027000023692380637,
        0.0027000023692380637,
        0.0027000023692380637,
        0.0026999987312592566,
        0.0025999979698099196,
        0.0029000002541579306,
        0.0027000023692380637,
        0.0027999994927085936,
        0.0027000023692380637,
        0.0026999987312592566,
        0.0025999979698099196,
        0.0026999987312592566,
        0.0027000023692380637,
        0.0027000023692380637,
        0.0027000023692380637,
        0.0026999987312592566,
        0.0026999987312592566,
        0.0026999987312592566,
        0.0026999987312592566,
        0.0026000016077887267,
        0.002700999175431207,
        0.0025999979698099196,
        0.0026999987312592566,
        0.0026999987312592566,
        0.0025999979698099196,
        0.0026999987312592566,
        0.0026999987312592566,
        0.0026999987312592566,
        0.0026000016077887267,
        0.0027000023692380637,
        0.0026999987312592566,
        0.0026999987312592566,
        0.0027000023692380637,
        0.0027000023692380637,
        0.0026000016077887267,
        0.0026000016077887267,
        0.0029999973776284605,
        0.0026999987312592566,
        0.0026999987312592566,
        0.0026999987312592566,
        0.0026000016077887267,
        0.0027000023692380637,
        0.0027999994927085936,
        0.0027000023692380637,
        0.0027999994927085936,
        0.0026999987312592566,
        0.0026999987312592566,
        0.0026999987312592566,
        0.0025999979698099196,
        0.0026999987312592566,
        0.0027000023692380637,
        0.002701002813410014,
        0.0026000016077887267,
        0.0027000023692380637,
        0.0026999987312592566,
        0.0026999987312592566,
        0.0029000002541579306,
        0.0027000023692380637,
        0.0027000023692380637,
        0.0026999987312592566,
        0.0026999987312592566,
        0.0027999994927085936,
        0.006599999323952943,
        0.0029000002541579306,
        0.0027999994927085936,
        0.0027999994927085936,
        0.0027000023692380637,
        0.0026999987312592566,
        0.0027000023692380637,
        0.0027000023692380637,
        0.0026000016077887267,
        0.0026000016077887267,
        0.0027000023692380637,
        0.0027000023692380637,
        0.0026000016077887267,
        0.0027000023692380637,
        0.0025999979698099196,
        0.0025999979698099196,
        0.0026999987312592566
      ],
      "average": 0.0030120203882688656,
      "min": 0.0025999979698099196,
      "max": 0.020899999071843922,
      "median": 0.0027000023692380637,
      "count": 100
    },
    "Native Messaging (Simulated)": {
      "latencies": [
        0.02849999873433262,
        0.014499997632810846,
        0.009700001101009548,
        0.007599999662488699,
        0.007400001777568832,
        0.006901002052472904,
        0.00670000008540228,
        0.006599999323952943,
        0.00670000008540228,
        0.006800000846851617,
        0.006800000846851617,
        0.006899997970322147,
        0.006499998562503606,
        0.00670000008540228,
        0.006499998562503606,
        0.006499998562503606,
        0.006499998562503606,
        0.006599999323952943,
        0.006600999768124893,
        0.006599999323952943,
        0.006899997970322147,
        0.006499998562503606,
        0.006400001439033076,
        0.006500002200482413,
        0.006499998562503606,
        0.00670000008540228,
        0.00670000008540228,
        0.00660000296193175,
        0.006300000677583739,
        0.006499998562503606,
        0.006400001439033076,
        0.006401001883205026,
        0.006299997039604932,
        0.006599999323952943,
        0.006400001439033076,
        0.006400001439033076,
        0.006299997039604932,
        0.006400001439033076,
        0.006499998562503606,
        0.006399997801054269,
        0.006300000677583739,
        0.006499998562503606,
        0.006299997039604932,
        0.006400001439033076,
        0.006301001121755689,
        0.006499998562503606,
        0.006300000677583739,
        0.006499998562503606,
        0.006399997801054269,
        0.006400001439033076,
        0.006099999154685065,
        0.006499998562503606,
        0.006399997801054269,
        0.006499998562503606,
        0.006300000677583739,
        0.006399997801054269,
        0.006199999916134402,
        0.00670000008540228,
        0.006501002644654363,
        0.006300000677583739,
        0.006300000677583739,
        0.006400001439033076,
        0.006399997801054269,
        0.006400001439033076,
        0.006399997801054269,
        0.006499998562503606,
        0.006399997801054269,
        0.006499998562503606,
        0.006400001439033076,
        0.006400001439033076,
        0.006499998562503606,
        0.006401001883205026,
        0.006300000677583739,
        0.006499998562503606,
        0.006400001439033076,
        0.006499998562503606,
        0.006099999154685065,
        0.00670000008540228,
        0.006299997039604932,
        0.006400001439033076,
        0.006500002200482413,
        0.006499998562503606,
        0.006399997801054269,
        0.006500002200482413,
        0.006401001883205026,
        0.006400001439033076,
        0.006399997801054269,
        0.006399997801054269,
        0.006300000677583739,
        0.006499998562503606,
        0.006400001439033076,
        0.006400001439033076,
        0.006399997801054269,
        0.006499998562503606,
        0.006499998562503606,
        0.006400001439033076,
        0.006499998562503606,
        0.006499998562503606,
        0.006400998245226219,
        0.006400001439033076
      ],
      "average": 0.00682007972500287,
      "min": 0.006099999154685065,
      "max": 0.02849999873433262,
      "median": 0.006499998562503606,
      "count": 100
    },